demand_base_MW,renewable_scale,wind_peak_MW,solar_peak_MW,negative_hours,minimum_price_EUR_MWh,average_price_EUR_MWh
30,0.5,25.0,20.0,4,-10,26.666666666666668
35,0.5,25.0,20.0,0,40,40.0
40,0.5,25.0,20.0,0,40,40.0
45,0.5,25.0,20.0,0,40,40.0
50,0.5,25.0,20.0,0,40,40.0
55,0.5,25.0,20.0,0,40,40.0
60,0.5,25.0,20.0,0,40,42.5
65,0.5,25.0,20.0,0,40,47.5
70,0.5,25.0,20.0,0,40,57.5
75,0.5,25.0,20.0,0,40,67.5
80,0.5,25.0,20.0,0,40,82.5
85,0.5,25.0,20.0,0,100,100.0
90,0.5,25.0,20.0,0,100,100.0
95,0.5,25.0,20.0,0,100,100.0
100,0.5,25.0,20.0,0,100,100.0
105,0.5,25.0,20.0,0,100,100.0
110,0.5,25.0,20.0,0,100,100.0
115,0.5,25.0,20.0,0,100,100.0
120,0.5,25.0,20.0,0,100,100.0
30,0.6,30.0,24.0,6,-10,15.833333333333334
35,0.6,30.0,24.0,4,-10,25.0
40,0.6,30.0,24.0,0,40,40.0
45,0.6,30.0,24.0,0,40,40.0
50,0.6,30.0,24.0,0,40,40.0
55,0.6,30.0,24.0,0,40,40.0
60,0.6,30.0,24.0,0,40,40.0
65,0.6,30.0,24.0,0,40,45.0
70,0.6,30.0,24.0,0,40,50.0
75,0.6,30.0,24.0,0,40,57.5
80,0.6,30.0,24.0,0,40,67.5
85,0.6,30.0,24.0,0,40,80.0
90,0.6,30.0,24.0,0,100,100.0
95,0.6,30.0,24.0,0,100,100.0
100,0.6,30.0,24.0,0,100,100.0
105,0.6,30.0,24.0,0,100,100.0
110,0.6,30.0,24.0,0,100,100.0
115,0.6,30.0,24.0,0,100,100.0
120,0.6,30.0,24.0,0,100,100.0
30,0.7,35.0,28.0,8,-10,8.333333333333334
35,0.7,35.0,28.0,6,-10,15.833333333333334
40,0.7,35.0,28.0,4,-10,23.333333333333332
45,0.7,35.0,28.0,0,0,38.333333333333336
50,0.7,35.0,28.0,0,40,40.0
55,0.7,35.0,28.0,0,40,40.0
60,0.7,35.0,28.0,0,40,40.0
65,0.7,35.0,28.0,0,40,42.5
70,0.7,35.0,28.0,0,40,47.5
75,0.7,35.0,28.0,0,40,52.5
80,0.7,35.0,28.0,0,40,57.5
85,0.7,35.0,28.0,0,40,67.5
90,0.7,35.0,28.0,0,40,77.5
95,0.7,35.0,28.0,0,40,97.5
100,0.7,35.0,28.0,0,100,100.0
105,0.7,35.0,28.0,0,100,100.0
110,0.7,35.0,28.0,0,100,100.0
115,0.7,35.0,28.0,0,100,100.0
120,0.7,35.0,28.0,0,100,100.0
30,0.8,40.0,31.999999999999996,9,-10,4.583333333333333
35,0.8,40.0,31.999999999999996,8,-10,8.333333333333334
40,0.8,40.0,31.999999999999996,6,-10,15.833333333333334
45,0.8,40.0,31.999999999999996,4,-10,23.333333333333332
50,0.8,40.0,31.999999999999996,0,0,35.0
55,0.8,40.0,31.999999999999996,0,40,40.0
60,0.8,40.0,31.999999999999996,0,40,40.0
65,0.8,40.0,31.999999999999996,0,40,40.0
70,0.8,40.0,31.999999999999996,0,40,42.5
75,0.8,40.0,31.999999999999996,0,40,47.5
80,0.8,40.0,31.999999999999996,0,40,52.5
85,0.8,40.0,31.999999999999996,0,40,57.5
90,0.8,40.0,31.999999999999996,0,40,67.5
95,0.8,40.0,31.999999999999996,0,40,77.5
100,0.8,40.0,31.999999999999996,0,40,95.0
105,0.8,40.0,31.999999999999996,0,100,100.0
110,0.8,40.0,31.999999999999996,0,100,100.0
115,0.8,40.0,31.999999999999996,0,100,100.0
120,0.8,40.0,31.999999999999996,0,100,100.0
30,0.9,44.99999999999999,36.0,11,-10,0.4166666666666667
35,0.9,44.99999999999999,36.0,9,-10,4.583333333333333
40,0.9,44.99999999999999,36.0,7,-10,12.083333333333334
45,0.9,44.99999999999999,36.0,6,-10,15.833333333333334
50,0.9,44.99999999999999,36.0,4,-10,23.333333333333332
55,0.9,44.99999999999999,36.0,0,0,35.0
60,0.9,44.99999999999999,36.0,0,40,40.0
65,0.9,44.99999999999999,36.0,0,40,40.0
70,0.9,44.99999999999999,36.0,0,40,40.0
75,0.9,44.99999999999999,36.0,0,40,42.5
80,0.9,44.99999999999999,36.0,0,40,47.5
85,0.9,44.99999999999999,36.0,0,40,52.5
90,0.9,44.99999999999999,36.0,0,40,62.5
95,0.9,44.99999999999999,36.0,0,40,67.5
100,0.9,44.99999999999999,36.0,0,40,77.5
105,0.9,44.99999999999999,36.0,0,40,92.5
110,0.9,44.99999999999999,36.0,0,100,100.0
115,0.9,44.99999999999999,36.0,0,100,100.0
120,0.9,44.99999999999999,36.0,0,100,100.0
30,1.0,49.99999999999999,39.99999999999999,12,-10,0.0
35,1.0,49.99999999999999,39.99999999999999,10,-10,0.8333333333333334
40,1.0,49.99999999999999,39.99999999999999,8,-10,6.666666666666667
45,1.0,49.99999999999999,39.99999999999999,7,-10,12.083333333333334
50,1.0,49.99999999999999,39.99999999999999,6,-10,15.833333333333334
55,1.0,49.99999999999999,39.99999999999999,4,-10,23.333333333333332
60,1.0,49.99999999999999,39.99999999999999,0,0,35.0
65,1.0,49.99999999999999,39.99999999999999,0,40,40.0
70,1.0,49.99999999999999,39.99999999999999,0,40,40.0
75,1.0,49.99999999999999,39.99999999999999,0,40,42.5
80,1.0,49.99999999999999,39.99999999999999,0,40,47.5
85,1.0,49.99999999999999,39.99999999999999,0,40,47.5
90,1.0,49.99999999999999,39.99999999999999,0,40,55.0
95,1.0,49.99999999999999,39.99999999999999,0,40,62.5
100,1.0,49.99999999999999,39.99999999999999,0,40,67.5
105,1.0,49.99999999999999,39.99999999999999,0,40,77.5
110,1.0,49.99999999999999,39.99999999999999,0,40,92.5
115,1.0,49.99999999999999,39.99999999999999,0,100,100.0
120,1.0,49.99999999999999,39.99999999999999,0,100,100.0
30,1.1,54.99999999999999,43.99999999999999,14,-10,-4.166666666666667
35,1.1,54.99999999999999,43.99999999999999,11,-10,0.4166666666666667
40,1.1,54.99999999999999,43.99999999999999,10,-10,0.8333333333333334
45,1.1,54.99999999999999,43.99999999999999,8,-10,6.666666666666667
50,1.1,54.99999999999999,43.99999999999999,7,-10,12.083333333333334
55,1.1,54.99999999999999,43.99999999999999,6,-10,15.833333333333334
60,1.1,54.99999999999999,43.99999999999999,4,-10,21.666666666666668
65,1.1,54.99999999999999,43.99999999999999,0,0,33.333333333333336
70,1.1,54.99999999999999,43.99999999999999,0,0,38.333333333333336
75,1.1,54.99999999999999,43.99999999999999,0,40,40.0
80,1.1,54.99999999999999,43.99999999999999,0,40,42.5
85,1.1,54.99999999999999,43.99999999999999,0,40,47.5
90,1.1,54.99999999999999,43.99999999999999,0,40,47.5
95,1.1,54.99999999999999,43.99999999999999,0,40,55.0
100,1.1,54.99999999999999,43.99999999999999,0,40,62.5
105,1.1,54.99999999999999,43.99999999999999,0,40,67.5
110,1.1,54.99999999999999,43.99999999999999,0,40,75.0
115,1.1,54.99999999999999,43.99999999999999,0,40,90.0
120,1.1,54.99999999999999,43.99999999999999,0,40,97.5
30,1.2,59.999999999999986,47.999999999999986,16,-10,-5.0
35,1.2,59.999999999999986,47.999999999999986,13,-10,-3.75
40,1.2,59.999999999999986,47.999999999999986,11,-10,0.4166666666666667
45,1.2,59.999999999999986,47.999999999999986,9,-10,2.9166666666666665
50,1.2,59.999999999999986,47.999999999999986,8,-10,6.666666666666667
55,1.2,59.999999999999986,47.999999999999986,7,-10,12.083333333333334
60,1.2,59.999999999999986,47.999999999999986,5,-10,17.916666666666668
65,1.2,59.999999999999986,47.999999999999986,4,-10,21.666666666666668
70,1.2,59.999999999999986,47.999999999999986,0,0,31.666666666666668
75,1.2,59.999999999999986,47.999999999999986,0,0,36.666666666666664
80,1.2,59.999999999999986,47.999999999999986,0,40,42.5
85,1.2,59.999999999999986,47.999999999999986,0,40,42.5
90,1.2,59.999999999999986,47.999999999999986,0,40,47.5
95,1.2,59.999999999999986,47.999999999999986,0,40,50.0
100,1.2,59.999999999999986,47.999999999999986,0,40,55.0
105,1.2,59.999999999999986,47.999999999999986,0,40,62.5
110,1.2,59.999999999999986,47.999999999999986,0,40,70.0
115,1.2,59.999999999999986,47.999999999999986,0,40,75.0
120,1.2,59.999999999999986,47.999999999999986,0,40,87.5
30,1.3,64.99999999999999,51.99999999999999,18,-10,-7.5
35,1.3,64.99999999999999,51.99999999999999,14,-10,-4.166666666666667
40,1.3,64.99999999999999,51.99999999999999,12,-10,-1.6666666666666667
45,1.3,64.99999999999999,51.99999999999999,11,-10,0.4166666666666667
50,1.3,64.99999999999999,51.99999999999999,9,-10,4.583333333333333
55,1.3,64.99999999999999,51.99999999999999,8,-10,6.666666666666667
60,1.3,64.99999999999999,51.99999999999999,6,-10,14.166666666666666
65,1.3,64.99999999999999,51.99999999999999,5,-10,16.25
70,1.3,64.99999999999999,51.99999999999999,4,-10,21.666666666666668
75,1.3,64.99999999999999,51.99999999999999,0,0,31.666666666666668
80,1.3,64.99999999999999,51.99999999999999,0,0,35.0
85,1.3,64.99999999999999,51.99999999999999,0,40,42.5
90,1.3,64.99999999999999,51.99999999999999,0,40,45.0
95,1.3,64.99999999999999,51.99999999999999,0,40,47.5
100,1.3,64.99999999999999,51.99999999999999,0,40,52.5
105,1.3,64.99999999999999,51.99999999999999,0,40,55.0
110,1.3,64.99999999999999,51.99999999999999,0,40,65.0
115,1.3,64.99999999999999,51.99999999999999,0,40,67.5
120,1.3,64.99999999999999,51.99999999999999,0,40,75.0
30,1.4,70.0,56.0,20,-10,-8.333333333333334
35,1.4,70.0,56.0,17,-10,-7.083333333333333
40,1.4,70.0,56.0,14,-10,-4.166666666666667
45,1.4,70.0,56.0,11,-10,0.4166666666666667
50,1.4,70.0,56.0,11,-10,0.4166666666666667
55,1.4,70.0,56.0,9,-10,4.583333333333333
60,1.4,70.0,56.0,8,-10,6.666666666666667
65,1.4,70.0,56.0,6,-10,14.166666666666666
70,1.4,70.0,56.0,5,-10,16.25
75,1.4,70.0,56.0,4,-10,21.666666666666668
80,1.4,70.0,56.0,0,0,31.666666666666668
85,1.4,70.0,56.0,0,0,35.0
90,1.4,70.0,56.0,0,40,42.5
95,1.4,70.0,56.0,0,40,47.5
100,1.4,70.0,56.0,0,40,47.5
105,1.4,70.0,56.0,0,40,52.5
110,1.4,70.0,56.0,0,40,55.0
115,1.4,70.0,56.0,0,40,65.0
120,1.4,70.0,56.0,0,40,67.5
30,1.5,74.99999999999999,59.99999999999999,22,-10,-9.166666666666666
35,1.5,74.99999999999999,59.99999999999999,18,-10,-7.5
40,1.5,74.99999999999999,59.99999999999999,15,-10,-4.583333333333333
45,1.5,74.99999999999999,59.99999999999999,13,-10,-3.75
50,1.5,74.99999999999999,59.99999999999999,11,-10,0.4166666666666667
55,1.5,74.99999999999999,59.99999999999999,10,-10,0.8333333333333334
60,1.5,74.99999999999999,59.99999999999999,9,-10,4.583333333333333
65,1.5,74.99999999999999,59.99999999999999,7,-10,8.75
70,1.5,74.99999999999999,59.99999999999999,6,-10,14.166666666666666
75,1.5,74.99999999999999,59.99999999999999,5,-10,16.25
80,1.5,74.99999999999999,59.99999999999999,4,-10,21.666666666666668
85,1.5,74.99999999999999,59.99999999999999,0,0,31.666666666666668
90,1.5,74.99999999999999,59.99999999999999,0,0,37.5
95,1.5,74.99999999999999,59.99999999999999,0,40,42.5
100,1.5,74.99999999999999,59.99999999999999,0,40,47.5
105,1.5,74.99999999999999,59.99999999999999,0,40,47.5
110,1.5,74.99999999999999,59.99999999999999,0,40,52.5
115,1.5,74.99999999999999,59.99999999999999,0,40,57.5
120,1.5,74.99999999999999,59.99999999999999,0,40,65.0
30,1.6,79.99999999999999,63.999999999999986,24,-10,-10.0
35,1.6,79.99999999999999,63.999999999999986,20,-10,-8.333333333333334
40,1.6,79.99999999999999,63.999999999999986,17,-10,-7.083333333333333
45,1.6,79.99999999999999,63.999999999999986,14,-10,-4.166666666666667
50,1.6,79.99999999999999,63.999999999999986,12,-10,-1.6666666666666667
55,1.6,79.99999999999999,63.999999999999986,11,-10,0.4166666666666667
60,1.6,79.99999999999999,63.999999999999986,9,-10,2.9166666666666665
65,1.6,79.99999999999999,63.999999999999986,9,-10,4.583333333333333
70,1.6,79.99999999999999,63.999999999999986,7,-10,8.75
75,1.6,79.99999999999999,63.999999999999986,6,-10,14.166666666666666
80,1.6,79.99999999999999,63.999999999999986,5,-10,16.25
85,1.6,79.99999999999999,63.999999999999986,3,-10,23.75
90,1.6,79.99999999999999,63.999999999999986,0,0,31.666666666666668
95,1.6,79.99999999999999,63.999999999999986,0,0,35.833333333333336
100,1.6,79.99999999999999,63.999999999999986,0,0,43.333333333333336
105,1.6,79.99999999999999,63.999999999999986,0,40,47.5
110,1.6,79.99999999999999,63.999999999999986,0,40,50.0
115,1.6,79.99999999999999,63.999999999999986,0,40,52.5
120,1.6,79.99999999999999,63.999999999999986,0,40,57.5
30,1.7,84.99999999999999,67.99999999999999,24,-10,-10.0
35,1.7,84.99999999999999,67.99999999999999,21,-10,-8.75
40,1.7,84.99999999999999,67.99999999999999,17,-10,-7.083333333333333
45,1.7,84.99999999999999,67.99999999999999,15,-10,-4.583333333333333
50,1.7,84.99999999999999,67.99999999999999,14,-10,-4.166666666666667
55,1.7,84.99999999999999,67.99999999999999,12,-10,0.0
60,1.7,84.99999999999999,67.99999999999999,11,-10,0.4166666666666667
65,1.7,84.99999999999999,67.99999999999999,9,-10,2.9166666666666665
70,1.7,84.99999999999999,67.99999999999999,9,-10,4.583333333333333
75,1.7,84.99999999999999,67.99999999999999,7,-10,8.75
80,1.7,84.99999999999999,67.99999999999999,6,-10,14.166666666666666
85,1.7,84.99999999999999,67.99999999999999,5,-10,16.25
90,1.7,84.99999999999999,67.99999999999999,3,-10,23.75
95,1.7,84.99999999999999,67.99999999999999,0,0,32.5
100,1.7,84.99999999999999,67.99999999999999,0,0,35.833333333333336
105,1.7,84.99999999999999,67.99999999999999,0,0,44.166666666666664
110,1.7,84.99999999999999,67.99999999999999,0,40,47.5
115,1.7,84.99999999999999,67.99999999999999,0,40,50.0
120,1.7,84.99999999999999,67.99999999999999,0,40,52.5
30,1.8,89.99999999999999,72.0,24,-10,-10.0
35,1.8,89.99999999999999,72.0,24,-10,-10.0
40,1.8,89.99999999999999,72.0,19,-10,-7.916666666666667
45,1.8,89.99999999999999,72.0,17,-10,-7.083333333333333
50,1.8,89.99999999999999,72.0,14,-10,-4.166666666666667
55,1.8,89.99999999999999,72.0,13,-10,-3.75
60,1.8,89.99999999999999,72.0,11,-10,0.4166666666666667
65,1.8,89.99999999999999,72.0,11,-10,0.4166666666666667
70,1.8,89.99999999999999,72.0,9,-10,2.9166666666666665
75,1.8,89.99999999999999,72.0,8,-10,6.666666666666667
80,1.8,89.99999999999999,72.0,7,-10,8.75
85,1.8,89.99999999999999,72.0,6,-10,14.166666666666666
90,1.8,89.99999999999999,72.0,5,-10,16.25
95,1.8,89.99999999999999,72.0,3,-10,23.75
100,1.8,89.99999999999999,72.0,0,0,32.5
105,1.8,89.99999999999999,72.0,0,0,35.833333333333336
110,1.8,89.99999999999999,72.0,0,0,42.5
115,1.8,89.99999999999999,72.0,0,40,47.5
120,1.8,89.99999999999999,72.0,0,40,50.0
30,1.9,94.99999999999999,75.99999999999999,24,-10,-10.0
35,1.9,94.99999999999999,75.99999999999999,24,-10,-10.0
40,1.9,94.99999999999999,75.99999999999999,20,-10,-8.333333333333334
45,1.9,94.99999999999999,75.99999999999999,17,-10,-7.083333333333333
50,1.9,94.99999999999999,75.99999999999999,16,-10,-6.666666666666667
55,1.9,94.99999999999999,75.99999999999999,14,-10,-4.166666666666667
60,1.9,94.99999999999999,75.99999999999999,13,-10,-3.75
65,1.9,94.99999999999999,75.99999999999999,11,-10,0.4166666666666667
70,1.9,94.99999999999999,75.99999999999999,11,-10,0.4166666666666667
75,1.9,94.99999999999999,75.99999999999999,9,-10,4.583333333333333
80,1.9,94.99999999999999,75.99999999999999,8,-10,6.666666666666667
85,1.9,94.99999999999999,75.99999999999999,7,-10,8.75
90,1.9,94.99999999999999,75.99999999999999,6,-10,14.166666666666666
95,1.9,94.99999999999999,75.99999999999999,5,-10,16.25
100,1.9,94.99999999999999,75.99999999999999,3,-10,22.083333333333332
105,1.9,94.99999999999999,75.99999999999999,0,0,32.5
110,1.9,94.99999999999999,75.99999999999999,0,0,34.166666666666664
115,1.9,94.99999999999999,75.99999999999999,0,0,42.5
120,1.9,94.99999999999999,75.99999999999999,0,40,47.5
30,2.0,99.99999999999997,79.99999999999999,24,-10,-10.0
35,2.0,99.99999999999997,79.99999999999999,24,-10,-10.0
40,2.0,99.99999999999997,79.99999999999999,22,-10,-9.166666666666666
45,2.0,99.99999999999997,79.99999999999999,19,-10,-7.916666666666667
50,2.0,99.99999999999997,79.99999999999999,17,-10,-7.083333333333333
55,2.0,99.99999999999997,79.99999999999999,14,-10,-4.166666666666667
60,2.0,99.99999999999997,79.99999999999999,13,-10,-3.75
65,2.0,99.99999999999997,79.99999999999999,12,-10,-1.6666666666666667
70,2.0,99.99999999999997,79.99999999999999,11,-10,0.4166666666666667
75,2.0,99.99999999999997,79.99999999999999,9,-10,2.9166666666666665
80,2.0,99.99999999999997,79.99999999999999,9,-10,4.583333333333333
85,2.0,99.99999999999997,79.99999999999999,8,-10,6.666666666666667
90,2.0,99.99999999999997,79.99999999999999,7,-10,8.75
95,2.0,99.99999999999997,79.99999999999999,6,-10,14.166666666666666
100,2.0,99.99999999999997,79.99999999999999,5,-10,16.25
105,2.0,99.99999999999997,79.99999999999999,3,-10,24.583333333333332
110,2.0,99.99999999999997,79.99999999999999,0,0,32.5
115,2.0,99.99999999999997,79.99999999999999,0,0,36.666666666666664
120,2.0,99.99999999999997,79.99999999999999,0,0,40.833333333333336
30,2.1,104.99999999999999,83.99999999999999,24,-10,-10.0
35,2.1,104.99999999999999,83.99999999999999,24,-10,-10.0
40,2.1,104.99999999999999,83.99999999999999,24,-10,-10.0
45,2.1,104.99999999999999,83.99999999999999,20,-10,-8.333333333333334
50,2.1,104.99999999999999,83.99999999999999,17,-10,-7.083333333333333
55,2.1,104.99999999999999,83.99999999999999,16,-10,-6.666666666666667
60,2.1,104.99999999999999,83.99999999999999,14,-10,-4.166666666666667
65,2.1,104.99999999999999,83.99999999999999,13,-10,-3.75
70,2.1,104.99999999999999,83.99999999999999,11,-10,0.4166666666666667
75,2.1,104.99999999999999,83.99999999999999,11,-10,0.4166666666666667
80,2.1,104.99999999999999,83.99999999999999,9,-10,2.9166666666666665
85,2.1,104.99999999999999,83.99999999999999,9,-10,4.583333333333333
90,2.1,104.99999999999999,83.99999999999999,7,-10,8.75
95,2.1,104.99999999999999,83.99999999999999,7,-10,8.75
100,2.1,104.99999999999999,83.99999999999999,6,-10,14.166666666666666
105,2.1,104.99999999999999,83.99999999999999,5,-10,16.25
110,2.1,104.99999999999999,83.99999999999999,3,-10,24.583333333333332
115,2.1,104.99999999999999,83.99999999999999,0,0,32.5
120,2.1,104.99999999999999,83.99999999999999,0,0,39.166666666666664
30,2.2,109.99999999999999,87.99999999999999,24,-10,-10.0
35,2.2,109.99999999999999,87.99999999999999,24,-10,-10.0
40,2.2,109.99999999999999,87.99999999999999,24,-10,-10.0
45,2.2,109.99999999999999,87.99999999999999,22,-10,-9.166666666666666
50,2.2,109.99999999999999,87.99999999999999,19,-10,-7.916666666666667
55,2.2,109.99999999999999,87.99999999999999,17,-10,-7.083333333333333
60,2.2,109.99999999999999,87.99999999999999,15,-10,-6.25
65,2.2,109.99999999999999,87.99999999999999,14,-10,-4.166666666666667
70,2.2,109.99999999999999,87.99999999999999,13,-10,-3.75
75,2.2,109.99999999999999,87.99999999999999,11,-10,0.4166666666666667
80,2.2,109.99999999999999,87.99999999999999,11,-10,0.4166666666666667
85,2.2,109.99999999999999,87.99999999999999,9,-10,2.9166666666666665
90,2.2,109.99999999999999,87.99999999999999,9,-10,4.583333333333333
95,2.2,109.99999999999999,87.99999999999999,7,-10,8.75
100,2.2,109.99999999999999,87.99999999999999,7,-10,8.75
105,2.2,109.99999999999999,87.99999999999999,6,-10,14.166666666666666
110,2.2,109.99999999999999,87.99999999999999,4,-10,18.333333333333332
115,2.2,109.99999999999999,87.99999999999999,3,-10,24.583333333333332
120,2.2,109.99999999999999,87.99999999999999,0,0,32.5
30,2.3,114.99999999999999,92.0,24,-10,-10.0
35,2.3,114.99999999999999,92.0,24,-10,-10.0
40,2.3,114.99999999999999,92.0,24,-10,-10.0
45,2.3,114.99999999999999,92.0,24,-10,-10.0
50,2.3,114.99999999999999,92.0,19,-10,-7.916666666666667
55,2.3,114.99999999999999,92.0,17,-10,-7.083333333333333
60,2.3,114.99999999999999,92.0,16,-10,-6.666666666666667
65,2.3,114.99999999999999,92.0,14,-10,-4.166666666666667
70,2.3,114.99999999999999,92.0,13,-10,-3.75
75,2.3,114.99999999999999,92.0,12,-10,-1.6666666666666667
80,2.3,114.99999999999999,92.0,11,-10,0.4166666666666667
85,2.3,114.99999999999999,92.0,11,-10,0.4166666666666667
90,2.3,114.99999999999999,92.0,9,-10,2.9166666666666665
95,2.3,114.99999999999999,92.0,9,-10,4.583333333333333
100,2.3,114.99999999999999,92.0,7,-10,8.75
105,2.3,114.99999999999999,92.0,7,-10,8.75
110,2.3,114.99999999999999,92.0,5,-10,16.25
115,2.3,114.99999999999999,92.0,4,-10,20.833333333333332
120,2.3,114.99999999999999,92.0,3,-10,24.583333333333332
30,2.4,119.99999999999997,95.99999999999997,24,-10,-10.0
35,2.4,119.99999999999997,95.99999999999997,24,-10,-10.0
40,2.4,119.99999999999997,95.99999999999997,24,-10,-10.0
45,2.4,119.99999999999997,95.99999999999997,24,-10,-10.0
50,2.4,119.99999999999997,95.99999999999997,21,-10,-8.75
55,2.4,119.99999999999997,95.99999999999997,19,-10,-7.916666666666667
60,2.4,119.99999999999997,95.99999999999997,17,-10,-7.083333333333333
65,2.4,119.99999999999997,95.99999999999997,16,-10,-6.666666666666667
70,2.4,119.99999999999997,95.99999999999997,14,-10,-4.166666666666667
75,2.4,119.99999999999997,95.99999999999997,13,-10,-3.75
80,2.4,119.99999999999997,95.99999999999997,12,-10,-1.6666666666666667
85,2.4,119.99999999999997,95.99999999999997,11,-10,0.4166666666666667
90,2.4,119.99999999999997,95.99999999999997,9,-10,2.9166666666666665
95,2.4,119.99999999999997,95.99999999999997,9,-10,2.9166666666666665
100,2.4,119.99999999999997,95.99999999999997,9,-10,4.583333333333333
105,2.4,119.99999999999997,95.99999999999997,7,-10,8.75
110,2.4,119.99999999999997,95.99999999999997,7,-10,8.75
115,2.4,119.99999999999997,95.99999999999997,5,-10,16.25
120,2.4,119.99999999999997,95.99999999999997,4,-10,20.833333333333332
30,2.5,124.99999999999997,99.99999999999999,24,-10,-10.0
35,2.5,124.99999999999997,99.99999999999999,24,-10,-10.0
40,2.5,124.99999999999997,99.99999999999999,24,-10,-10.0
45,2.5,124.99999999999997,99.99999999999999,24,-10,-10.0
50,2.5,124.99999999999997,99.99999999999999,24,-10,-10.0
55,2.5,124.99999999999997,99.99999999999999,19,-10,-7.916666666666667
60,2.5,124.99999999999997,99.99999999999999,18,-10,-7.5
65,2.5,124.99999999999997,99.99999999999999,16,-10,-6.666666666666667
70,2.5,124.99999999999997,99.99999999999999,14,-10,-4.166666666666667
75,2.5,124.99999999999997,99.99999999999999,14,-10,-4.166666666666667
80,2.5,124.99999999999997,99.99999999999999,13,-10,-3.75
85,2.5,124.99999999999997,99.99999999999999,11,-10,0.4166666666666667
90,2.5,124.99999999999997,99.99999999999999,11,-10,0.4166666666666667
95,2.5,124.99999999999997,99.99999999999999,9,-10,2.9166666666666665
100,2.5,124.99999999999997,99.99999999999999,9,-10,2.9166666666666665
105,2.5,124.99999999999997,99.99999999999999,8,-10,6.666666666666667
110,2.5,124.99999999999997,99.99999999999999,7,-10,8.75
115,2.5,124.99999999999997,99.99999999999999,7,-10,8.75
120,2.5,124.99999999999997,99.99999999999999,5,-10,18.75
